{
  "f1_score": 0.0,
  "precision": 0.0,
  "recall": 0.0,
  "roc_auc": 0.595888333999536,
  "pr_auc": 0.010992698186430725,
  "mcc": -0.007875208734902415
}