{
  "f1_score": 0.0013802622498274672,
  "precision": 0.001145475372279496,
  "recall": 0.001736111111111111,
  "roc_auc": 0.6543151963237113,
  "pr_auc": 0.016408588491663902,
  "mcc": -0.010838828484811582
}